0,1,2,3,4,5,6,7,8,9,10,11,12,13,14,15,16,17,18,19,20,21,22,23,24,25,26,27,28,29,30,31,32,33,34,35,36,37,38,39,40,41,42,43,44,45,46,47,48,49,50,51,52,53,54,55,56,57,58,59,60,61,62,63,64,65,66,67,68,69,70,71,72,73,74,75,76,77,78,79,80,81,82,83,84,85,86,87,88,89,90,91,92,93,94,95,96,97,98,99,100,101,102,103,104,105,106,107,108,109,110,111,112,113,114,115,116,117,118,119,120,121,122,123,124,125,126,127,128,129,130,131,132,133,134,135,136,137,138,139,140,141,142,143,144,145,146,147,148,149,150,151,152,153,154,155,156,157,158,159,160,161,162,163,164,165,166,167,168,169,170,171,172,173,174,175,176,177,178,179,180,181,182,183,184,185,186,187,188,189,190,191,192,193,194,195,196,197,198,199
T,T,T,T,T,T,G,GA,A,A,A,T,C,T,A,T,G,A,C,T,AGTGACAAATG,G,G,T,G,C,G,T,C,G,C,T,A,C,G,T,A,G,G,C,A,G,T,T,C,A,A,C,C,A,G,T,C,C,CATGTGCGGTGTGG,G,C,ACCTGT,A,C,C,G,C,C,T,T,T,T,C,CTTACAT,C,A,T,T,T,A,G,C,C,T,T,T,C,G,A,T,A,A,T,A,A,G,T,T,G,G,T,T,A,G,G,A,T,G,G,T,C,G,G,C,T,G,ACGTAACTAAAAAGTG,A,A,T,A,G,T,CAGCTCAGGCACACGGTTACC,A,T,A,A,A,T,T,C,C,T,T,C,C,A,C,G,C,A,A,A,C,G,G,T,A,T,T,T,T,A,A,G,G,A,T,T,G,C,G,G,C,G,A,C,A,A,C,A,C,C,A,A,A,A,C,A,T,A,A,A,C,C,A,T,G,T,A,C,A,TCATC,G,G,T,T,C,CATGGGGCCC,C,G,T,G
A,A,C,CATTCTAGC,C,G,C,T,A,C,C,T,G,CCCCTGAGATAAAAGCTGA,G,ACATCTAAGAAGCGGAAC,C,T,G,G,A,T,T,T,T,G,C,A,G,A,A,A,C,C,T,TCGCTTACTGCGGAGACGGTT,T,T,GT,C,C,C,G,G,C,T,G,C,G,A,C,T,T,C,T,T,A,T,A,GT,T,A,ATTGAATTGATGTTTACAAGA,C,G,A,A,A,G,A,AACGACTGAGCTCACAAA,C,G,G,C,G,A,C,A,T,T,T,G,C,C,CTCAGATGTCCGGAG,G,G,G,A,AACACCCTACCGCCTAG,G,T,C,C,T,T,A,C,GTCCATGAGCAGTTCC,TGACAATTAATAACCTCACAAT,C,GCGAAGGACGC,A,CCGCGCGGTATAAAGACA,A,C,G,A,A,C,GAAG,A,C,C,A,T,GATAAT,T,C,C,A,C,C,A,G,A,G,C,C,A,C,G,A,A,A,G,G,G,G,C,A,A,GTT,A,GCG,A,C,GACGTCCTGTAT,A,T,CCTGTGCGGGG,A,A,T,T,T,G,T,C,A,A,G,G,C,G,ATCCAGTTT,A,C,C,A,C,G,C,G,T,G,A,C,G,GACGGCAA,G,A,GGCGTCAGCTTTTCCGCTA,G,G,TTCTTTGGTTGACGACT,G,C,G,T,T,T,A,G,T,AACGAAGCTGAGCCTAT,G,T,C
C,T,C,C,T,T,A,A,T,A,G,AACTTGTAATGAAG,TGTCC,G,A,C,C,G,C,C,G,T,A,T,A,A,G,C,A,A,A,T,A,T,G,A,T,A,G,T,A,T,A,T,C,C,G,C,G,GAGCCTCTAGCGGTTAT,A,G,G,T,C,C,TAG,G,T,A,T,C,G,T,C,G,A,A,T,C,A,G,T,T,A,G,CGAGGTTA,C,T,A,T,C,A,TTTTGATTCTGATGCATCA,A,CCCCGACG,T,C,C,A,A,G,A,G,A,G,C,T,A,G,T,G,T,C,T,C,C,T,G,A,C,C,G,A,C,C,C,A,A,T,AGCATTCATTC,G,A,G,A,T,C,A,T,G,C,C,G,G,G,T,G,C,A,G,A,C,G,A,A,C,A,G,T,T,CT,A,A,A,G,C,T,G,C,G,T,T,G,AAGTCTGCG,G,T,A,C,G,CA,G,A,A,G,C,A,T,C,A,C,A,G,G,T,A,C,T,G,T,C,T,A,G,C,C,A,A,G,T,CGGATGTGATGACACGCAAAA
G,C,A,T,C,A,T,T,TTGCGTCCGGGTATTCCCAAT,T,T,C,G,G,G,C,G,A,T,A,G,G,CGTGAATGCTCCAACAC,T,T,C,C,C,C,G,G,G,C,T,C,C,C,A,T,C,C,T,T,G,T,C,T,C,T,G,G,G,C,G,T,G,A,T,C,A,G,A,G,G,A,T,A,A,C,G,A,T,C,G,G,T,C,C,C,A,T,C,G,T,T,A,A,G,G,C,T,A,A,C,T,G,CCTGTGGTAATTCGGACAAGTC,TCAACACCCCTTGA,C,T,GTGGTGGA,A,A,G,G,G,C,A,A,C,A,C,A,A,T,G,G,C,T,C,T,T,C,A,A,CTT,A,C,G,C,G,C,T,T,C,G,G,A,A,T,C,G,T,T,G,TCCTTTGACGCGAAGTATACT,C,C,C,A,CAGCGGGGTACGTGTTAACGA,T,T,A,A,C,T,G,TCGGGAGCTGAGTGGCGGC,C,T,G,TTCCGGTTGGACGTCCCGCATG,C,TCCTGCCTGCGAG,A,A,A,A,T,A,C,A,A,T,A,T,A,C,C,C,C,T,C,G,C,T,C,T,A,A,G,A,A,A,C,C,T,A,T
T,0,A,A,C,CAAAGCATGATGACAACTA,A,T,G,T,G,G,C,T,G,G,G,G,A,A,A,C,T,T,T,C,G,CGGCATAACCGACCCGTTCAGG,T,T,C,G,A,C,C,A,G,CGTGTTGATGCGTACCGCTTGC,C,AGTGGCCACTTAACGACACTGG,A,C,GAGAAGAAGCCA,G,C,A,T,A,G,A,A,C,GACCACTCCTAA,A,A,T,G,GGT,A,C,C,T,CCGACTAT,A,C,C,A,ATCCTTT,C,A,A,T,T,G,A,C,C,A,GCCGAGCATGTAATTGTAT,T,A,T,G,C,C,G,G,C,C,C,C,TCTGTCATAGTAGGACCACG,G,G,T,C,C,T,G,A,ACAACGCCTAACGGCTG,G,A,C,AAGCCGTTCAGC,T,C,CGAA,C,A,G,A,A,G,T,A,AGTTAAGACCTCGG,T,C,A,T,T,T,G,G,A,T,C,GCAACTTGTAACG,C,C,G,G,T,A,G,T,T,G,C,G,T,G,G,A,A,CGCCAACAATAGACGAC,T,T,C,A,A,A,A,CCCCCCACCCTACCGCAACCG,A,G,A,T,TATACCTTTACCTGCAT,T,T,C,G,A,A,T,C,C,C,G,A,A,C,G,T,A,T,C,G,G,G,CAACCATATTTGTAAAAA,A,T,T,C,A,GCTAG,C,G,T,T,GTACGG,G,C,G,A,ATTGAAACC,G
G,G,C,G,A,C,T,G,C,T,T,T,G,T,A,A,A,G,T,AAATCGCCA,A,A,T,GCTGAGCGCCAGGCACTCAG,C,A,A,C,G,A,G,T,C,A,G,CCTACCGCGGCTCATACGTA,A,GAAGCAAAAGG,C,A,A,T,T,T,G,T,C,CACGCCTCGCGCGGTACCG,T,G,G,C,A,G,C,T,G,A,T,T,A,A,C,A,ATTGCCATGCCACCC,A,G,T,G,T,G,C,G,T,A,GGCTAAAC,C,GCCCGTGGAGGTAGACTGA,G,G,T,TGCTCTGACTTCAAA,A,T,A,ACATGCTACTCCAGGGA,C,G,A,T,T,T,G,TCCGCACGAACTATGAT,T,TCCCGGGT,G,G,T,G,A,CTCATAGCGCTATCGCAGTATC,A,A,C,A,G,T,A,A,T,A,A,T,C,T,C,A,T,GTTGTTTTACA,A,G,C,C,A,T,A,G,T,C,G,A,C,G,G,G,G,T,C,T,C,T,C,T,T,C,T,T,C,A,C,G,C,C,T,C,ATCCGCTTGTTGTATT,G,A,T,T,G,G,T,TCA,T,G,C,A,AACTAA,T,T,G,T,G,A,ATTTC,C,T,TCATGATTTACTATA,G,G,G,T,C,C,TTCGGCCATGTGTCCAAGCGAT,G,A,C,ACGGACAATCGGC,A,A,T,C,T,T,G,CTGAGTAAAGTTATCCGGCG,T
CGCGAGGGAGCGTTT,A,C,A,T,G,T,T,A,A,C,A,TGCC,T,G,G,C,TTGCAGTTGCCTACTACAGA,T,TATTGCACAGTCCGCCTGGCTG,T,C,C,G,T,G,A,T,C,TTCGCGAGACCGGGTGGGGTC,C,T,G,C,T,T,C,A,G,G,A,A,A,T,A,A,G,G,C,TGTGACA,C,C,G,T,G,C,A,TGGGTTTAAGCCAA,A,G,GTTTAGCAAAAC,G,C,TTCAAGCGT,A,G,A,G,A,T,C,C,C,T,A,CATCTTCAGGGGAG,G,G,A,T,A,G,G,T,T,T,TCATTGTCATTGACGCTTAA,G,T,A,A,G,T,G,C,C,T,A,A,A,G,T,A,T,C,A,A,T,TCGAAGGTGATGGCA,A,G,T,T,C,TTAGTTGCTCATCCCCACCA,A,G,T,T,A,T,T,C,A,A,T,G,T,G,A,G,C,T,C,A,C,G,A,GAAGCCTCTTGCT,G,G,G,C,C,C,TTGCCACACGGTCTGC,A,A,C,A,T,AGCACGCCAGCCTGCCCG,T,A,G,T,T,T,CGGGTCTGAC,G,C,A,A,G,G,T,A,G,A,TTATATTTGGGGTTATTAGTA,G,T,T,CATTGTAGTATTAGTTGGGTG,G,A,C,A,G,C,C,G,T,A,A,A,T,T,C,CTTTTCGGATGACGGCGCGG,A,A,T,T,G,G,C,A,G,G
T,C,G,G,G,G,C,C,A,T,T,T,G,T,C,A,A,C,C,C,C,C,C,T,A,AGATACCCCT,T,A,C,A,G,C,A,G,T,A,A,T,A,G,A,G,C,G,A,A,T,C,CTAGGTC,T,G,G,GAGTTGCCAA,T,G,AGTC,A,GACTTCCGA,A,T,G,T,A,C,C,C,A,T,ATTTAC,G,C,A,G,C,AAGAGGCGGGTAGGAACAGGT,A,C,C,G,A,A,A,C,A,T,G,A,C,A,T,GTACACGCCACCAG,GGTTAGCGCAACAGCCGACGTA,C,T,T,T,T,G,A,A,T,C,A,T,G,G,C,G,T,G,C,G,C,CT,C,T,A,G,T,T,T,G,AACTGCGGCTTGTCGAG,C,A,T,C,A,A,C,T,C,A,T,A,A,G,C,T,A,C,A,G,A,C,T,G,G,G,A,T,C,C,A,G,G,C,G,T,A,C,G,C,A,T,G,A,A,CACGCAGGTGAAAG,C,C,A,C,A,GAAGGGGAAT,C,C,T,CACAC,G,A,A,G,T,TG,C,T,G,A,C,G,TACTATTTGACATCACGTGTG,G,T,G,C,T,C,ACAGCGAC,A
CTAGA,C,C,T,C,CGACATGTGATCTACTTCGAC,AATAGGTTCGCGTTGACTAC,GAAAACGCTAATCCTTCTGT,C,T,ACTAGCCCTTATGTA,T,C,CCACG,ATCAAGCATTACACG,T,G,T,A,G,T,A,GTTCGTGTCGCCGCTTTTCCTA,A,G,C,A,G,T,T,T,T,GGTAT,G,C,C,T,G,T,G,C,A,G,G,G,T,A,T,G,C,C,G,T,C,G,G,A,C,G,C,A,G,T,ATGCAT,G,A,A,TCCGTGGTTAAGACTAG,A,C,G,T,A,A,A,GATAACTGA,T,C,A,G,C,C,C,C,G,A,A,T,T,T,G,C,TGGTCCCCTGAGAGCTATGAC,C,C,A,A,GAGAG,T,G,GCCAATGTGACCCTT,G,A,T,ACGATTCGGTTCGCACG,T,T,C,G,A,C,G,G,C,C,T,T,C,T,C,A,A,A,C,GACCCATGTTAGTGGCTAACC,C,C,C,A,G,T,C,G,C,T,C,G,C,C,A,C,T,A,C,A,C,A,C,G,G,C,G,A,T,A,A,A,C,T,A,G,G,C,AG,G,G,A,A,TGCATC,ATTGGCAGGCA,T,G,T,G,T,A,T,T,T,CCAGT,A,C,T,C,A,A,TCACCCTG,G,A,G,TTACGGCTG,G,CG,C,T,A,A,G,G,G
G,T,C,A,A,A,C,G,C,G,T,C,T,AAAGTATTCTTCGAACCC,C,G,A,T,CTCGCCAAAAA,G,CGA,A,A,C,CTCGTGCAGCTACT,A,C,G,C,T,C,A,T,TGCAGGATTGCAGGCAGAAA,C,C,G,A,G,C,T,T,A,G,A,G,A,CTAGGGACCGGCGCCTG,T,T,T,G,C,G,C,C,G,C,C,C,AGC,A,A,A,T,C,G,T,A,A,A,A,T,C,G,C,A,C,AACCGG,G,TGGTGATTA,C,G,A,T,T,G,GAGGGT,A,C,C,C,CAGAGATCGGTTACCAA,T,G,G,A,T,GTACCGGGTCATGCCCGGAA,C,A,T,A,G,A,C,T,G,A,T,G,A,T,A,C,A,T,G,GACCACTCGCGCAA,A,A,T,A,T,CAAGAGATCTCTTTTCTTTA,G,C,G,A,T,A,A,A,A,A,T,A,G,T,C,C,C,A,G,T,T,T,A,A,A,T,C,T,A,G,C,C,G,A,T,TTTCCGCCTCAATGTGTTTAGC,GTCAAG,C,T,T,C,C,A,G,T,T,C,C,C,A,C,T,G,T,A,T,A,A,GATAT,T,G,CATTTAATCTC,C,T,C,C,TATA,GGC,A,ACGGGC,T,A,T,A,G
CGATCTACAGACGA,G,G,G,A,C,A,G,CTGTCCTTATGA,A,A,A,G,G,A,A,G,T,T,A,A,T,C,A,T,C,G,A,C,A,T,G,T,G,T,C,C,T,T,A,C,T,A,G,A,A,T,G,C,C,A,C,G,C,C,TACTTA,G,A,A,G,G,G,C,G,AGTG,T,A,C,C,A,T,CCGTGCCCCGTATACAGCAGGG,TGCGCCGAAGTAGT,TTCGTTGCTAGGTCAAT,G,G,T,G,CAACGCAGTTCTTAAG,GGGGCTATTTCGAA,C,G,G,T,C,C,T,T,T,A,G,C,C,A,A,T,G,T,T,T,T,T,C,C,G,T,A,T,C,GTTCCTGCCCTCCGAATA,C,C,C,C,G,T,G,G,A,G,A,G,T,G,A,A,G,A,T,GTGCA,GC,T,C,T,G,G,CACAAGATTGGTCG,G,G,T,G,T,T,G,GCATTCATGCCCGGCCGCCAA,T,A,C,A,A,A,C,C,C,A,G,C,T,C,T,A,G,C,A,C,A,G,A,C,A,T,G,G,T,C,A,C,TCTGCCC,C,T,CGCCGGGATGAC,A,C,C,T,A,G,C,G,C,C,C,CGCAGACCTCTCCGAGTAA,G,G,G,C,GTGGCGGTAGGCTTCTAGCA,A,G
A,A,T,A,C,C,G,G,G,C,ACCAACAA,C,A,T,C,G,C,C,TTGCATGGGT,C,T,CGTAG,T,C,A,A,T,A,G,C,G,ACATC,G,GCTACCCACAGGGTTCTAG,A,C,A,T,ATAAATGC,C,T,G,C,A,G,T,CAGACCG,G,T,C,C,A,C,T,T,C,T,G,T,G,T,A,T,T,G,T,G,A,G,G,G,C,TT,G,C,C,C,A,C,A,G,T,C,T,A,A,G,G,G,C,TCAGAGTTTAC,C,A,C,A,A,C,T,A,C,A,A,GCCCTT,A,T,CA,C,T,GGAAC,G,C,A,G,G,C,G,C,A,T,A,G,G,A,A,C,G,A,G,C,CGGATGTCGGATCAACT,A,A,A,C,C,C,G,A,A,G,TCAATTCTTG,T,A,ATTATCATGCAGTTTAC,GCCCCAGAACTC,A,C,T,C,C,G,G,A,ATTATTTTCTTTCCGCC,G,AGTGCTGCAATTGGTG,G,T,C,A,A,TCTTACCATTGAGT,C,TTTCAT,C,T,G,A,A,AGGCCGACACCGC,T,GGGGGTTCGGG,A,C,CTGCCCA,T,T,T,T,T,A,CGATCATGTATCAGGGCT,ACAAGGCGACCTAATGCTGATT,T,A,G,G,T,T,A,T,G,C,C,G,G,A,T,C,TGCGAAACTGGCGCA
G,A,G,T,A,A,A,A,A,C,C,G,G,G,G,T,C,C,A,T,A,G,A,ACAGTTCTACAGACGACG,G,G,A,T,G,T,C,A,T,T,C,G,T,T,CCCAACCGAGATAGCC,T,G,T,G,ACCG,A,A,C,G,C,G,T,T,G,C,G,T,T,T,CCCCGAACGTGTGTTAT,T,T,T,C,T,T,A,T,A,T,G,T,T,T,G,T,C,T,T,A,GTCGCCCGTA,GCCGGTGCC,CGGCT,T,C,C,A,A,G,G,A,A,G,G,G,GGCCGAACGGCCTGATTCA,A,C,A,T,T,G,C,G,C,C,TTTATCACTTGA,T,T,T,A,G,G,C,CGT,G,T,G,C,A,CCGAGTCCGGTCATAGATC,GTATGTGCCCC,G,T,T,T,C,A,GGC,C,C,T,A,G,C,A,T,C,T,C,GC,C,T,C,C,A,A,A,T,C,T,A,T,G,T,A,A,G,G,TA,G,G,GATGACACGATTGAAT,A,A,A,G,G,G,A,A,G,C,A,G,A,A,T,C,C,C,T,A,G,C,G,G,A,G,A,C,T,C,C,G,A,C,G,G,C,C
G,T,A,G,A,C,C,T,A,C,G,C,G,C,T,A,G,C,T,C,A,G,G,C,C,G,C,A,A,A,T,AAAAGA,G,A,G,C,C,T,G,G,T,C,TTAGTCCA,C,C,G,C,A,G,C,T,A,T,T,G,T,A,A,T,A,G,CTACTCAG,A,T,A,T,T,C,A,A,T,C,A,A,G,GAT,G,T,C,G,A,A,T,TGGTATCTGTACAGT,C,A,T,G,A,T,C,C,T,GATCTGCTTACCGGGATTTAA,T,C,C,T,T,ATACCTACAGTGTAGCAAGCC,T,G,A,T,C,G,A,C,T,C,T,A,C,ACCAC,A,G,A,T,G,G,GTCTTGTGCGTGTC,T,G,T,A,G,C,T,T,C,G,GTGT,G,T,A,ATCTC,G,A,GCC,A,A,A,T,A,T,T,TGATCCGGTA,G,A,C,G,A,A,C,TCCGCTACACG,C,T,A,C,T,G,T,C,G,T,A,A,G,G,A,A,T,C,T,T,T,A,C,C,C,C,C,T,T,T,G,G,G,T,C,C,A,T,A,C,A,A,C,C,C
T,C,C,C,C,T,T,G,C,C,A,G,A,G,C,G,T,G,A,G,C,A,C,C,A,A,A,T,G,T,GGTTA,G,T,CCG,A,A,T,G,T,A,T,A,G,G,A,A,G,C,A,C,T,G,GGGAATAAGCATTTACGTTCA,A,C,G,A,C,C,CTTA,T,C,G,A,A,G,T,G,T,T,TCAGCAGT,A,A,T,T,A,C,T,G,G,A,G,T,G,A,C,C,G,C,A,C,T,G,TGTCCGCATCAC,C,A,A,A,G,A,G,A,A,T,CTTAGACTTCCCCGACCTTTAT,G,T,A,T,AGCAGGATACAAAGACGC,G,C,G,T,G,G,A,C,G,A,A,T,T,C,C,T,G,C,A,C,T,T,C,G,T,G,A,G,A,G,T,A,ACAAT,A,C,A,G,C,C,C,C,T,T,C,T,G,G,A,T,G,CCCAGCTTGGTGACGTGATTC,T,G,T,A,GTGCA,G,T,T,A,C,C,T,C,C,G,CAA,G,T,C,TCA,A,T,G,A,T,A,C,A,A,T,A,G,G,T,T,T,CTCTGC,T,TTCTGTACGCCCGTTCAGC
C,ATTGTAGGCAGGCTTG,A,C,A,A,A,T,A,CTTTATGAGGAATACACCC,G,G,A,G,C,G,A,T,G,C,G,A,A,TCGGGTGACGAGCGAATCCTTA,A,C,T,C,C,TACTACCACAATGCTT,C,T,A,G,C,G,G,A,T,C,GACGAATACTCC,G,G,C,A,A,T,A,C,T,C,T,CTCCGTTAATCATCGACCTA,C,T,T,C,C,T,A,A,G,G,G,A,A,A,C,A,T,CAGAA,TTTT,C,A,T,C,AACCCCGC,C,T,A,C,G,T,T,T,GATCTCAGACACATG,G,C,C,A,G,AAGAAGAGAAGATCAAGTTT,A,GTGCCCGCATAAGGTGATG,C,GTTCGGGTCGAG,T,C,G,G,G,A,C,G,C,G,C,G,GCTTTTCTGTAT,ACT,T,C,C,CCCATGTAC,T,A,A,A,A,A,TCACCCGCTGCT,G,C,G,T,C,T,CCGTC,A,C,T,C,A,G,C,T,GGTTTGATCAAAATCTAC,A,G,A,C,T,A,T,C,C,C,A,C,C,A,C,G,T,C,A,G,T,C,A,G,C,C,A,C,C,A,T,G,T,C,A,G,G,G,T,C,A,GTTTAAAAAATGTTAATTAA,G,C,C,C,C,C,A,A,TTGGCTCATGAC,G,C,AACAGCG,C,G,A,C,C,T,TTGTACCACTGTGGCG,A,T
TTTGCGCAGGGACACCGCGTTT,A,T,T,C,T,ATGGTCTCT,G,G,T,T,G,C,T,C,T,G,G,C,T,A,A,G,A,T,G,T,A,A,G,C,A,C,A,A,A,C,G,G,G,AGC,G,G,G,G,T,G,A,G,A,GCGCGATTGTCGTCCTC,TGTACGCAG,G,A,GGTAATTGAGCACGCAC,T,T,G,T,C,G,A,C,G,G,T,A,T,C,A,T,G,G,GAAGACCTCCCACCGGGGA,G,C,C,T,C,G,G,A,AAGTAATGTTCAGATACCCC,C,G,G,CGC,T,G,T,TGAGAAAAGACGCGAACGGTG,G,C,T,CG,A,ATGGGACGCCGAA,A,T,A,T,C,GTAAAGGATGGCGTGTTCG,A,GTGTCCAAGTCAAACAACTGG,A,TATCCCGGAAGA,T,T,C,C,T,A,T,A,GTCCTGAATCTCCCATG,C,A,G,T,T,A,CTATGTGTATCGAGTGCAATTT,A,G,T,T,C,A,T,A,T,G,A,T,A,C,G,G,A,A,A,T,T,A,C,T,A,A,T,TGCCCC,A,G,T,A,G,A,C,C,C,A,T,G,C,A,G,ATCCGTTTTTGTAACAA,A,A,T,T,C,G,A,A,A,T,G,A,A,T,C,C,G,C,A,G,A,C,T,G,C,G,G,A,A,G,C,G,C
G,T,C,T,C,T,C,T,C,G,T,A,G,C,T,C,C,T,T,AGCAATTTCGCGGTCTAG,T,A,G,G,C,G,A,GGCGTT,T,C,C,A,T,G,C,C,C,C,AGAGGCTCCGAAG,C,C,T,T,T,T,G,G,T,T,TAACTA,C,ACGAAAATCGAGGT,C,T,T,T,CCA,C,A,T,C,G,T,G,A,C,A,T,CT,T,T,C,G,GATGCG,G,AGCACTTTC,C,C,T,A,A,T,G,A,T,GTAGACAGCGATG,T,T,A,T,CCTGTTCCTCGGCGCAT,C,GTTCTATTAGCGG,T,G,T,T,AGCGCT,G,T,T,C,A,ACTAGTACCTGGCATTTGGAGG,T,C,G,C,A,A,G,G,G,C,CTGACAC,TCATTCAGGTA,A,CCCGATAATGG,A,C,T,TTGGGAACATTGC,T,A,T,A,C,A,T,G,G,C,CACCATCCCT,C,A,C,A,T,A,T,A,G,C,G,T,C,G,T,G,A,C,T,A,C,C,TGCCTGACCTAC,T,T,C,A,G,A,C,T,A,C,C,A,G,TATATTTAACT,G,G,T,T,C,T,C,A,A,C,A,A,G,A,A,A,CCAC,T,A,A,A,T,T,GGCGATTAC,A,C,CTCGGCTGAC,T,T,C
A,AAGACGTAAGAAC,A,T,C,T,T,G,A,T,T,G,A,C,A,G,G,A,G,A,C,C,A,C,G,G,A,T,G,T,A,A,T,C,T,A,GTACTATTTGTTTTA,A,C,G,A,T,C,G,G,G,G,C,T,T,A,T,T,C,C,C,A,A,A,G,C,A,C,C,G,T,T,T,GTCATAATCACCTGGA,T,T,T,G,C,G,G,G,G,TGTCCACAGTT,A,T,A,C,G,G,G,G,GGACATGTTAC,G,T,C,A,C,G,A,ACCATCTGTG,T,G,G,C,A,A,A,T,C,A,G,T,C,C,T,A,ATGTAACACCAACCGG,G,C,T,GGTGCACCTACGCATTGT,A,C,T,CAGCCGAAGTCCAATG,C,T,G,A,G,TCAAAAGCT,T,T,A,T,T,C,T,A,G,G,A,T,A,G,G,GTTTCGACTTTGGAG,G,TGAGCGGTTACTTGAG,A,A,C,C,G,A,A,T,C,A,G,A,T,A,TGTTAGGTCCGCAGTGCT,G,A,A,TAT,A,G,T,T,T,G,T,T,C,A,T,C,G,G,T,T,C,A,A,A,C,G,G,A,A,C,C,A,G,A,C,G,G,C,C,G
C,G,A,C,T,GCTAAACTATGTATGC,C,T,T,CTTTCACATC,T,A,C,G,G,A,C,T,T,T,CCGG,G,C,A,T,A,A,A,T,G,C,CAAAGGTTAGGG,C,T,GTCGTAGGCTAC,G,ATGGGCCGATAA,T,C,A,CACATACAGCAACAGATACCC,A,C,A,T,T,G,G,C,A,A,T,T,C,C,GCTCTCTTGCAC,CTGCT,G,C,G,CTTAATAAAATAGAGAGA,C,G,AGATTCCCTCGAC,A,A,C,G,G,C,C,G,A,G,T,C,G,T,T,G,C,T,G,A,GCTAAACTTAGACTC,C,A,T,GGGACGCCTCTGCCCAAGGAC,G,T,T,T,A,T,C,G,T,A,ACGTG,A,G,A,TTTA,G,A,A,G,A,C,C,T,T,C,T,C,T,C,T,T,CTTCCAAAGTTTCGGTTAA,A,G,C,T,T,T,C,G,A,C,A,G,A,T,A,T,C,C,T,G,G,A,A,T,G,C,G,G,G,G,G,G,A,C,C,G,G,A,C,G,T,G,C,T,A,G,T,T,C,G,G,CGATGAC,C,A,T,G,T,G,G,A,G,GTCACTGT,C,C,A,A,T,G,AGAGGCGA,A,C,G,G,C,T,T,C,C,C
G,C,A,C,T,A,T,A,TTGTATCGTGGAGGAGTGTATA,T,A,G,A,C,A,C,G,AGGGAGGTCTA,T,C,A,G,T,C,C,G,A,T,C,G,C,T,A,A,C,C,A,C,A,G,A,T,C,T,T,TTCAAGTTCGCAG,ATTAAATCCCCTCACCGTGG,C,A,A,T,C,T,G,T,G,G,T,T,G,G,G,A,A,G,G,C,A,A,T,A,G,C,G,C,TAAAATAATGTCTGAGC,G,G,A,A,A,G,G,CGTAATCGTGATGCGATTCA,T,A,A,A,C,A,A,T,TCGTCGTCAGAAGGGACGGG,C,T,A,G,C,T,G,C,AGTCGTTCGTACCGTT,T,AGAGAGCACTGTAA,G,CCAGGGCGCAAGAACGATCCGA,C,G,T,T,C,A,G,G,A,GA,C,G,A,A,A,C,G,GAGCACCGGTGCCATT,C,G,C,T,A,T,T,A,T,T,A,A,C,A,G,A,T,TTTTGGTTAAGCAC,CATAACTATTCCAACCAG,C,C,T,G,CTTTG,T,A,C,G,AATGGTGGAGTTCG,C,A,T,T,C,G,A,A,G,T,G,G,C,C,G,A,G,A,T,A,T,G,C,A,T,T,T,T,C,C,T,T,A,G,TTGAGTATC,A,G,G,C,GCGCGCATAAGG,T,T,T,C,T,TTAATCTAATTTCTAACCCA,A
A,C,G,C,C,C,A,A,C,C,T,T,C,C,G,A,A,C,CTCGACGGAAAATA,C,C,T,C,T,G,C,G,G,A,T,A,C,C,C,G,G,G,G,C,G,C,C,G,C,C,G,A,T,C,A,G,G,G,C,G,TTTAGTACCGCTGACTC,C,T,G,CAT,T,C,C,T,G,G,G,C,T,T,T,T,A,C,A,A,T,C,G,A,A,A,C,A,G,TAGGATCAGG,A,C,C,G,G,C,A,T,GCATTCGGCATCGTGTGGCACT,C,A,G,T,A,TCTCAACAAGTGACATAGG,T,G,A,T,ATATGCAGCCGCAT,G,GACTGAATGCGTTACTC,G,G,CGATCGGCTTGAAAGTACA,C,G,T,C,C,T,G,T,C,C,A,A,C,G,T,C,G,C,G,G,C,A,C,T,G,G,G,G,T,A,TTCAGCTTTACTTTTTATG,GCCCTGG,T,A,G,G,A,T,G,A,T,G,T,T,T,A,ATCGCTAT,C,A,A,AGCG,T,A,A,G,G,T,TGTACA,A,A,T,C,T,G,G,C,T,C,A,T,A,T,C,A,A,T,A,T,C,C,G,G,A,G,C,T,A,G,G
T,T,C,T,C,T,G,C,T,A,CGGTGTTCTATATTTTA,A,G,A,T,T,G,GTAAAGCTTCCCACGGCG,A,T,T,C,C,T,C,A,G,A,C,G,A,G,A,G,A,C,A,C,A,T,T,G,G,A,T,C,C,C,T,CGGGTCGCGT,C,G,CGAGTGCC,G,G,G,A,A,A,A,G,A,T,C,T,C,A,G,A,C,A,T,C,C,A,A,G,A,G,G,A,A,G,T,C,A,A,C,A,G,G,G,G,T,C,C,A,ACAGAACTCCAGAAAA,ATAGATCACAGACAG,A,AA,G,T,C,T,C,CTGT,T,A,G,C,A,A,G,CTAAACCAGAAGTATTCG,G,A,A,C,G,T,A,A,A,T,T,T,A,G,C,AG,CAAGTAGAGGTATAATG,G,T,A,T,G,C,A,TGCGAGTATTCT,G,G,G,T,T,T,C,C,A,T,C,T,A,A,A,C,ATCCTTTGAGCGCG,T,G,G,G,T,G,C,C,C,T,C,A,A,TGCCCAGCCCTACT,G,G,A,C,GTCACACAATGGTCC,A,G,C,C,A,C,A,A,CTGAAGCT,G,G,A,T,A,A,C,T,A,A,C,T,G,C,C
T,C,T,A,A,A,A,T,TCAAGAGTCGGAAGAA,G,A,A,T,T,T,C,T,C,T,A,C,T,G,T,C,A,T,C,G,AAATGTC,C,G,G,T,G,C,A,C,T,T,A,G,G,C,A,T,A,T,A,C,T,T,G,G,C,T,TCTCGT,C,A,T,A,T,T,G,T,G,T,ATCCTCGGGTATACTCCGCTTC,A,C,T,A,G,G,C,A,A,C,C,T,T,C,T,G,C,GAAACAC,C,T,T,A,A,CAG,C,A,C,C,A,G,G,A,G,G,C,A,G,T,C,T,A,C,A,C,G,G,T,C,T,A,C,A,G,C,C,C,T,C,A,G,C,A,A,ATTGCCATAATTGGCGACTT,T,A,T,G,T,T,T,A,C,T,G,A,C,T,A,G,A,T,A,G,C,TACTTTTATT,A,GCGCTCTACGGTAAAAA,A,C,G,T,C,AACGACCAGCCCAACTCGCG,C,T,G,G,C,A,AAGTA,G,T,CAGAAACAAACTGG,C,A,G,GTCC,C,T,A,T,G,G,C,A,T,G,A,G,G,G,T,G,A,A,A,C,GACCTGACTGTAGATCTC,A,C,C
A,A,T,T,T,T,C,T,T,G,G,C,C,T,G,A,T,A,T,T,A,G,T,T,A,C,A,A,A,G,T,T,A,C,C,G,G,A,A,G,G,T,T,T,T,C,A,A,G,C,C,C,C,G,C,A,GATGTTTT,A,T,T,ACTGCT,C,G,A,G,T,T,C,G,T,A,A,C,TACCAATGCGCAGGATTTC,A,A,T,G,C,C,T,A,C,G,A,T,G,G,T,A,GTTT,C,TCC,A,GACAACTAGCTGGCGAT,T,A,C,G,G,T,A,C,C,C,T,A,C,AATTGACAAAGGCAGGGT,A,C,C,G,T,G,G,T,G,TTTTT,G,T,C,T,G,A,T,A,C,G,A,A,G,C,C,C,C,T,AATTTCTGGAATTCGGC,T,T,G,G,C,A,C,A,T,G,T,C,T,C,C,C,G,A,G,CTGGGCGTTG,A,C,A,CGGCA,T,TCATTGGCCCTTCA,G,A,G,C,A,T,C,G,T,T,AACTTCAGGCAACTATGGGGAC,A,A,T,C,G,A,A,A,C,C,A,G,A,T,T,C,A,C,G,A,T,A,T,A,A
T,T,A,T,G,G,G,T,G,CAAGGAAACAAAA,C,C,T,C,A,T,T,A,G,A,A,G,C,G,A,G,A,G,C,A,A,G,A,G,C,TTCGCACTATTAGTAGTGG,GCCTCTGGGTGCCTGTTGC,A,C,CTTC,C,T,C,C,A,C,G,C,CTAGCTGTCTG,C,A,G,T,C,T,CAACGAATATCTT,G,T,T,ACTGCGGATCCGTGT,G,G,T,A,T,C,A,C,T,A,C,TCGAGGTATTACCTTT,T,T,CACCAAACGTTGAGAGGGATTT,T,T,T,T,C,C,C,C,A,T,C,G,C,T,A,A,C,G,A,A,C,C,C,T,G,G,T,G,C,A,A,A,ATCGTCGGCCA,C,G,T,A,C,T,T,A,T,A,C,T,AAACATGTGAACC,G,C,G,G,C,C,A,GCAGCGTATA,G,T,C,T,T,A,T,C,T,G,A,A,A,C,A,CC,T,G,G,T,G,A,C,T,AC,A,T,A,A,G,TTGGGGTAGTTTGAATAAC,A,A,TCTTACTGT,A,TATGCTTATGCCCATAAGGA,C,T,G,T,T,G,T,T,A,G,T,A,A,T,G,A,A,G,C,G,G,C,C,G,CTAAGTTTACAGAT,A,T,A,T,T,C,G,A,A,C
C,A,TATCTCAACA,G,C,C,C,G,G,T,T,C,C,G,G,T,A,G,T,G,G,TAGGGTCTCA,A,C,A,CA,A,T,A,G,A,T,C,A,A,GGGCAGAAATCCCAAGTGTTT,T,A,C,C,G,T,C,T,T,G,A,G,G,T,G,G,T,G,T,G,A,T,G,G,A,C,C,C,A,T,G,C,CCGTATATACCGCACTAACCA,CAA,A,C,T,G,C,A,G,A,GAAAGAAATC,C,G,G,C,GGGGGTTGATAAAAAC,T,C,T,C,C,A,A,C,GATAGCTACGCTCCAGAG,G,C,A,G,A,GAAGCAGAGCGGCTGCTATT,C,TAT,C,G,C,G,A,C,A,A,A,A,G,ACCTCATAATAGGTT,A,ACGCTTGGC,C,A,GTGCCTCGAAAAGACCTTC,TAT,T,T,G,T,A,A,A,AGTGTCCATTAATCGGAGCACC,C,C,G,G,T,T,G,T,TAGCCACAGACGGTTT,C,C,C,C,A,T,T,T,A,TCAATTATCATCCCTTTAGTC,T,A,G,CGGGTATCTATAA,T,T,T,T,A,A,G,C,A,G,A,CTTGGA,A,A,C,T,T,C,C,G,C,G,A,G,A,A,G,C,A,C,A,TGCGTCGGCG,G,C,G,G,A,A,T,A,T,G,C,A,T,G,A,AAGTATCG,T,GGTAACAT
A,A,A,G,A,A,C,A,G,G,G,A,G,G,C,G,T,A,A,AGA,T,T,G,C,T,C,T,T,A,G,C,A,C,A,T,T,AGGTAACTGA,G,T,C,A,C,C,T,G,C,T,T,T,A,T,A,T,T,A,G,T,C,A,A,G,A,T,A,G,G,C,G,C,C,G,T,A,A,C,A,A,T,A,C,A,A,A,C,A,G,A,C,A,A,T,C,A,T,C,G,A,C,C,G,C,A,G,T,G,G,C,G,AGCATA,G,T,GAGTCCCCGGAGGCT,T,A,A,G,C,T,C,A,G,TACGAAAA,C,A,G,T,C,CAG,A,A,C,TATGAAGGCATGATACACCAT,G,T,T,A,G,A,G,CGT,G,G,C,C,T,C,A,G,C,A,T,T,T,A,TTGGC,A,T,ATGCATCACATG,T,G,G,T,C,A,A,A,A,T,A,G,T,T,C,T,G,T,T,A,A,C,T,GCGACGCGGGGT,A,T,A,T,T,G,T,G,A,T,T,CAGG,A,T,C,G,C,T
G,G,CATCAGCACATT,G,G,GCC,G,A,G,A,C,A,G,AAGCTTCCG,G,G,T,A,C,C,T,C,C,T,T,G,A,C,C,C,A,ACGAAGTTGACAACCTCT,A,T,T,T,C,T,A,T,TTCGTCACCGAGATAGACGCGG,A,T,C,T,C,G,C,C,T,T,G,A,T,T,C,TGCCTCACAGCCCTAGGTTCGC,A,A,C,G,T,C,A,A,C,G,C,G,ATAGATAGTGTGATTCAAAG,G,A,T,G,C,TAGCCGAGCT,C,G,A,A,A,A,T,G,C,A,A,A,A,C,T,T,T,T,G,C,T,T,G,C,T,G,A,C,G,A,T,TAGTTGCCACCGCGATCATGA,A,A,C,A,A,A,G,G,C,A,C,C,C,A,C,T,T,G,G,A,A,A,A,G,C,C,T,G,C,CAGGCCGAA,T,C,T,G,C,C,T,A,G,C,T,T,G,C,A,T,G,A,T,G,G,C,T,G,C,C,T,G,T,G,T,T,C,T,A,CGGGAAG,G,AGTATGTA,T,A,T,C,T,C,T,C,A,A,T,C,C,C,G,G,G,C,T,T,T,A,C,G
A,G,GGA,G,A,C,A,A,A,T,CGGCAAAACG,G,G,A,C,A,A,G,C,A,G,CGCTATTAGTGACTGGATTCG,A,GTCTGCTTCAA,GCAGCGCGGGGCGGGCAC,T,T,C,T,T,G,G,TCGTGGGGCTGGGAAGCGCG,C,A,A,A,T,G,C,C,A,C,G,C,T,AGCTCCCCGTTGTGCCTTACAT,A,T,A,T,C,G,T,G,G,AGAATCGGATCT,T,GCTGGTAAATAGCA,ACCGAATATAAGGGCTGAGAC,T,A,G,CGAGCTCAGAAC,T,C,G,G,T,A,C,CC,C,G,G,TTCTGCCTC,C,A,G,A,A,T,G,A,G,G,C,C,CACTAGCAGATGCCGCAA,T,A,A,C,A,A,G,G,A,AACTGCGGATCA,C,G,C,A,C,T,T,T,T,C,T,T,G,A,G,G,A,A,G,T,C,T,G,G,G,A,A,A,C,A,C,T,G,C,C,T,T,T,C,G,C,A,C,A,T,A,A,A,C,T,G,G,C,A,G,G,G,T,C,GCTCC,G,TTGGCTTTTAATTCG,T,A,G,G,A,C,C,C,G,T,G,G,C,A,G,A,A,G,A,G,G,T,T,C,C,A,G,CTACCAT,T,G,A,A,C,A,A,G,G,A,A
T,A,G,G,T,G,T,G,G,T,A,A,G,G,CAGG,T,T,C,CGGACAGTGGT,T,TTTGCATTCGTACCCGCA,GGACTTAAA,CGG,T,T,G,G,G,G,TCTCAAAGTCTCGACACACAG,T,T,C,T,A,A,A,C,A,C,CCCTTTTTTCACGAG,C,G,GCTGGCC,A,C,T,G,T,T,G,A,T,A,C,C,T,T,A,G,A,T,T,C,G,G,C,A,C,A,C,T,A,A,GC,A,G,T,G,A,A,T,G,C,T,A,G,C,T,A,C,G,G,G,A,ATCCAAT,A,T,A,A,CGGGGTTAGCGCCA,T,A,G,A,C,G,G,AGCTGACTGTTAGGAATCCATG,C,T,C,G,T,A,A,G,T,T,CTGGGAATGAAA,A,C,C,A,A,T,C,GCGACTCGACGGCGACCA,CCAGAGGTTCCTGGC,A,C,T,CAAGCCCACTCTGG,C,G,G,CAGAAAGCGCAACGGAACTAGC,C,AATC,ATG,C,A,A,G,A,G,C,C,C,A,G,T,G,T,A,T,G,T,T,A,G,C,A,G,A,A,C,A,A,T,T,C,A,G,T,T,G,CTTTTGGACATCTGACCATTT,T,T,T,T,A,G,G,C,A,C,G,GTTCACGTGG,C,C,C,CGTGTCACAAAGC,G,T,C,G,G,A
T,C,C,A,A,T,GATACTC,G,C,T,T,A,T,A,T,G,A,G,A,G,C,C,T,T,T,T,T,CCGAAAAC,T,C,A,C,A,A,ACGTGTCATTCTTATCG,G,T,T,C,T,C,T,T,G,C,T,C,T,C,C,A,G,G,T,A,A,T,G,C,T,T,A,C,A,A,G,G,GTTGACCGATAGCGTCTGACT,A,C,A,C,G,G,C,G,A,T,C,C,G,T,C,G,C,G,T,A,A,G,CAGAGCTTGGCTCACTA,G,TCCCCT,A,T,A,A,C,C,A,A,A,T,TCTCGTTGGTACTG,C,A,G,C,A,A,T,T,A,GGTGGGCGAAAGGT,G,A,C,G,C,C,GT,T,C,T,T,C,A,C,A,C,TTTGGGGGCATCTCACAAGAGA,A,A,T,C,C,G,C,C,AGGACTAGA,A,A,T,A,C,CGTTAAATAACGCGGGTAA,G,T,G,A,T,C,G,G,C,G,G,C,C,A,G,G,A,A,T,T,C,G,C,C,G,T,A,T,A,A,T,GGTTTTTA,A,TTTAATTT,G,GATCGGCCCCGTCATCAACC,T,A,C,C,A,A,A,G,T,G,G,T,C,T,G,A,C,C
C,A,G,C,G,C,TGTCGCAGT,T,G,T,TATGAAAACTCTTATTAACGCT,A,T,T,A,A,C,A,T,G,A,G,T,A,A,G,T,T,CCGTC,C,T,G,T,C,C,G,A,G,G,C,G,G,A,A,G,G,T,C,T,C,T,G,T,T,G,A,A,GTACC,G,G,A,A,C,C,G,T,CAAGTTCTAAAGGTCTGGGAT,C,T,G,T,G,G,T,A,T,G,C,G,T,A,T,C,C,G,C,A,C,T,A,C,A,A,TC,A,G,G,T,CCCGAGCCGTTCTC,T,T,A,C,ACCGCAACGCCGGTGT,G,A,C,GCCCTTGGACAGGGTCCTCTGC,A,A,A,G,T,T,C,C,A,T,G,G,C,G,A,C,AA,T,A,T,C,A,T,C,C,T,A,A,C,C,T,C,C,C,T,C,C,G,T,T,T,G,C,A,G,A,T,C,G,T,C,T,T,C,A,T,T,T,G,A,A,G,C,C,GGG,T,T,A,G,G,T,G,C,A,G,C,A,C,G,A,T,G,AGGCTACGCGCGATTCA,T,T,T,C,G,A,A,A,T
T,A,A,C,G,G,T,GTTTGCGGCCTGG,G,A,A,A,T,G,A,C,C,T,C,G,T,T,A,T,C,G,A,C,A,G,G,G,G,TTTCTACGTTGT,T,T,A,G,G,GATG,CATGTTTGCGCAAC,T,A,G,G,C,G,A,A,T,C,T,G,T,A,A,C,A,C,A,AAGGTTCAA,GGCAC,A,T,C,T,C,C,AGTCCATT,A,C,GCGCCACGTCGGGCGACC,T,CGCCACATACGTCGTA,A,T,T,T,GAGTCTCT,C,CAGCCAT,T,T,C,A,TG,A,C,T,A,C,C,A,A,T,T,G,G,AGTACATC,A,G,G,C,T,C,A,T,C,T,A,GCAAGGCCTACGTTTCATC,T,G,C,G,T,A,A,G,T,T,C,A,A,T,G,G,G,G,G,A,T,C,C,G,G,G,A,C,A,T,GGCTCCCGCA,CCCGCAGTCACTG,A,T,T,C,A,C,C,G,A,T,T,C,T,C,GTAAAATGACGAGAAGCC,C,C,G,T,G,A,T,G,G,C,A,G,T,AATAAAGAGGTCAAAAC,A,G,G,T,A,G,G,ACG,A,CAGTGGAT,G,C,C,T,G,G,G,AGGTCAC,T,A,G,G,TTCGCTGCACACGGGGGTA,C,A,TGTGAGCTGTGCTTCGT,A,G
G,T,G,C,G,A,A,G,A,G,G,T,T,A,G,G,A,CTTCTCTGCGTACGGT,T,C,C,GCGGTTGTCTTA,A,T,A,T,A,C,G,G,G,TGCTGTGAGCGAACTTACG,C,G,T,G,G,G,T,T,G,G,T,A,A,A,G,AGAAGAAGCAGACCATAGG,G,A,T,C,A,T,G,T,G,T,A,C,G,C,G,T,CTCAC,TGGGTTGATAG,A,A,G,G,A,A,C,CACGTTCACGGATCGCGAAA,G,C,A,GGTTTTCCATCTAGGCCTA,A,T,T,T,A,T,G,G,C,T,A,T,G,C,T,C,A,A,A,A,A,A,C,G,C,A,T,CTAAATAGGGTGA,C,ACGTCGAGCAAGGTGCT,C,T,T,T,T,A,G,A,A,GCGAGTA,C,G,CGCCG,C,C,T,C,T,C,GCAGCCCAAAATCA,G,C,TA,A,C,G,T,A,T,G,T,T,G,C,G,T,T,C,T,G,T,ACAC,T,T,G,A,G,C,T,G,AGTCCAAACCA,CCTTGACTAATCTGCTT,G,GCGCCTAAGCCT,A,TT,A,TCCCTTGACCGATTCCC,C,G,T,C,C,A,C,G,C,A,A,C,T,GCAGAAGGAAGTGAAACTG,C,T,C,A,TTTTAT,TTTAGGCATATGAA,C,A,A,C,G,CGCCTGGCCGATGT,T,T,T,G,C,C,AATGCGGTGG,C
CTTACGCGTCGAATAT,C,T,T,T,T,T,TTCTTATTC,T,T,A,C,G,A,GCTCTGGGACCAATTTATTCG,A,G,G,G,A,G,TTCCTCGTAATG,T,T,G,T,G,C,G,T,C,A,T,CCTCC,T,C,A,A,A,T,C,TTTGGCCCTCAG,C,G,A,C,C,A,T,T,T,G,A,C,C,C,C,C,T,A,A,ACCAGGGCGAAAATGCAC,A,A,C,A,G,ACAGA,A,T,GGC,ACT,T,C,C,G,A,T,C,A,G,G,G,A,G,T,T,T,C,G,A,T,C,A,C,G,T,TTTCCGAATGTGGTGGG,A,G,G,G,T,GGGGCTTCCATAG,G,G,A,GTGTGGCCCATTCA,A,G,T,T,G,C,A,A,GGGGCTATGCAAGTTGGGCG,G,C,G,T,TACCTTGTGGAGTACCT,A,CCCAAACGG,A,C,A,T,C,T,A,T,G,G,CATCGTCTCAACT,T,T,G,AGCATCCTGGG,CTGAAAAGGTGACGGGTTG,T,G,ATAGT,GGGCAGGCC,G,C,C,A,A,ATATGCACTT,GCCTAC,A,C,A,C,T,G,G,T,C,G,C,T,T,T,C,C,CCCGCCGGCCGTATCAT,T,T,A,G,A,G,C,G,T,ATTAGGCGTAAGGCAC,C,A,C,AAAGTACTC,C,A,A,A,T,T,A,G,G,T,G,GTTCAGG,C,T,C,G,A,G
G,C,A,C,G,G,T,T,CCAATTC,C,CCGATAGACGAATTC,A,C,C,T,T,G,T,T,A,G,T,C,C,CGTTCGCATCGAG,C,T,AAC,T,T,C,C,A,T,C,T,A,AGTACATGAATTGGACAAGAA,T,A,AGTGCCCCATGGTAGC,G,C,G,A,T,TCCTTTAG,G,A,T,T,TCAGC,T,A,A,G,ATGCTTCGGTTG,T,C,C,C,A,CG,G,G,A,C,T,T,A,GTAAACGACGGG,C,A,TCG,A,C,T,A,C,G,T,A,GCTGCGGCGCCC,TGTTATTACATAAC,G,T,A,G,T,A,CCCGTCCCG,T,G,C,G,A,T,T,C,G,C,G,T,T,T,C,A,G,T,C,T,GGGCGATTAGACCGCCCCGC,A,C,G,C,G,T,T,ACGTGGATACAGAGACAATAT,A,GCGCTTTTATATTACGGT,G,A,T,T,T,C,A,G,T,A,G,C,A,TCTATTG,A,G,T,T,C,A,A,G,A,G,ACGTGACCTCGTGG,G,G,G,C,GCTTT,G,C,A,G,CTGACTCTGGAA,A,G,A,A,G,A,A,T,C,A,C,G,G,T,C,C,G,G,GTCTGACCACGTATATCCGCAG,G,C,A,A,G,AACAAGGAGACC,C,GAGGCCTTCACAAT,A,T,T,T,A,C,C,GG,TCAGCCGCCCGTG,C,C,G,C,C,A,G
ATCAGCCGAACCCATTACCT,C,T,C,T,A,T,C,A,TTCCAGTGGGTAACTGTC,ACAC,G,A,A,A,G,CACCGAAAG,C,C,T,G,T,A,T,G,A,G,G,T,A,G,A,AGTATATC,G,TGGGATCTCGG,T,A,A,G,T,A,G,A,C,AATCCAGGTGATTCACTCGCA,G,G,C,C,T,T,A,C,TCC,A,A,C,C,T,T,A,C,C,G,A,G,G,T,A,T,G,ATACGTCACCAGAAGCAGTAAC,A,A,C,G,C,T,ACGTGGC,C,T,A,G,C,AGTACACGCTCTCCCTTA,A,C,A,A,GCATAGGTTGTTTCCGTAAACT,C,C,TGCTCTATTCAAT,A,TAGACTT,G,A,T,AACTAACATTTTTGCGAT,A,G,G,G,T,T,CGCGTTCTAGCCTACGGACA,ATCT,ACTATGCCAACTTA,T,A,G,C,A,T,TTCCG,G,T,A,G,T,A,C,C,A,G,A,G,CGA,T,T,C,G,G,T,T,C,A,C,C,C,G,C,C,A,G,CCCCGT,CGGCG,G,A,C,C,G,C,A,A,G,A,C,C,T,T,T,A,G,A,T,C,A,C,T,GGCCTC,C,T,T,A,C,G,C,A,A,G,G,A,T,A,G,G,T,T,T,TTTCGGGAACTGTAAAAGCAC,TCCGC,ATAGAGGCCAGGAGT,A,C,G,T,A,C,A
C,T,GGACTGTAGCTATCTTGTAT,A,G,C,G,A,A,T,T,ATCACTTGCAACTGGCG,T,T,T,A,A,G,T,TATTGCCACGCC,GGA,C,C,T,GTC,GCCGTATACGACCC,A,C,A,A,A,TCAAACAGTT,A,G,T,G,A,A,C,G,G,G,A,T,A,C,G,T,TCATAAACCGTCTTCTTGCAA,A,C,T,C,T,C,A,T,T,T,G,G,C,A,TA,G,T,T,C,C,T,C,A,G,A,C,AGAAGACTAACAGCGGGAC,G,C,T,G,A,T,G,T,G,A,G,C,T,T,TAAAGTTGAAGCAGTTAGTC,G,T,A,A,C,C,C,A,G,G,C,G,G,TCCCGGACAGTGGGG,G,C,GATAAATCATCTGTC,A,T,T,T,A,T,G,G,C,C,A,A,A,C,G,C,GGCTAACGCATA,T,A,G,A,T,G,A,G,T,A,C,G,G,T,G,T,G,G,T,T,G,A,G,AATGCACCCCTTTAGCACAG,C,GT,AGTCGAG,A,G,T,T,C,C,A,C,A,C,C,G,A,G,T,T,T,T,A,G,T,CTTATAGCTGAAT,C,A,T,C,TTTCACGGCCCCACACAAGGT,G,C,T,GAT,A,G,C,T,C,T,A,C,G,G,A,C,G,G,T,C,T
C,C,A,CCGCACAGGGGTCTGTGTCGGG,C,A,A,T,G,C,CCCCGCGAGGTGCCGA,G,A,G,A,T,T,T,G,GCAGTACAGT,T,A,T,CTGTCCTATTCTAGATTGCGAC,G,G,A,C,A,GTAC,G,CACCCTAGGCA,T,A,T,T,C,G,G,G,G,G,C,C,C,G,A,A,A,A,C,C,CGC,T,A,C,TGCACGCGAGCAAGCGCCAC,C,G,G,C,T,T,A,TTTACC,A,T,CGC,G,G,T,G,T,T,A,A,C,A,A,A,CAAT,G,C,CATATACTTAATCGACTTCTGC,G,C,C,C,G,T,G,AGATATACACGATCTGATA,A,A,T,A,T,T,T,G,T,A,T,TGTGGTGACTGAAATT,ACATCATATGGC,A,A,G,A,T,G,C,A,GTCCCCGTGATCCGCTAGAGAA,ACGAGGAGAAG,C,T,C,C,A,C,C,C,ACGCC,TATCGGGCTCCGCCGCTC,A,A,C,G,G,C,T,G,G,C,T,G,G,G,T,G,T,A,G,G,G,G,C,GCAAAGGGCGA,T,A,A,T,A,A,G,G,CTGCCATG,A,T,T,A,T,G,T,T,T,T,A,G,A,G,A,T,G,C,C,G,C,T,A,TGAGGTCTTTTTCATTTC,G,T,A,G,G,GGCGCGCTAA,A,C,T,A,C,T,G,A,C,C,T,A
